"","name","description","fullDescription","page","attributes5","attributes6","attributes7"
"1","ensembl_gene_id","Gene stable ID","Stable ID of the Gene","feature_page","html,txt,csv,tsv,xls","hsapiens_gene_ensembl__gene__main","stable_id_1023"
"2","ensembl_gene_id_version","Gene stable ID version","Versionned stable ID of the Gene","feature_page","html,txt,csv,tsv,xls","hsapiens_gene_ensembl__gene__main","gene__main_stable_id_version"
"3","ensembl_transcript_id","Transcript stable ID","Stable ID of the Transcript","feature_page","html,txt,csv,tsv,xls","hsapiens_gene_ensembl__transcript__main","stable_id_1066"
"4","ensembl_transcript_id_version","Transcript stable ID version","Versionned stable ID of the Transcript","feature_page","html,txt,csv,tsv,xls","hsapiens_gene_ensembl__transcript__main","transcript__main_stable_id_version"
"5","ensembl_peptide_id","Protein stable ID","","feature_page","html,txt,csv,tsv,xls","hsapiens_gene_ensembl__translation__main","stable_id_1070"
"6","ensembl_peptide_id_version","Protein stable ID version","","feature_page","html,txt,csv,tsv,xls","hsapiens_gene_ensembl__translation__main","translation__main_stable_id_version"
"7","ensembl_exon_id","Exon stable ID","","feature_page","html,txt,csv,tsv,xls","hsapiens_gene_ensembl__exon_transcript__dm","stable_id_1016"
"8","description","Gene description","","feature_page","html,txt,csv,tsv,xls","hsapiens_gene_ensembl__gene__main","description_1020"
"9","chromosome_name","Chromosome/scaffold name","Chromosome/scaffold name","feature_page","html,txt,csv,tsv,xls","hsapiens_gene_ensembl__gene__main","name_1059"
"10","start_position","Gene start (bp)","Start Coordinate of the gene in chromosomal coordinates.","feature_page","html,txt,csv,tsv,xls","hsapiens_gene_ensembl__gene__main","seq_region_start_1020"
"11","end_position","Gene end (bp)","End Coordinate of the gene in chromosomal coordinates.","feature_page","html,txt,csv,tsv,xls","hsapiens_gene_ensembl__gene__main","seq_region_end_1020"
"12","strand","Strand","Orientation of genes on chromosome/scaffold.","feature_page","html,txt,csv,tsv,xls","hsapiens_gene_ensembl__gene__main","seq_region_strand_1020"
"13","band","Karyotype band","Band of chromosome/scaffold where genes occur.","feature_page","html,txt,csv,tsv,xls","hsapiens_gene_ensembl__gene__main","band_1027"
"14","transcript_start","Transcript start (bp)","Start Coordinate of the transcript in chromosomal coordinates.","feature_page","html,txt,csv,tsv,xls","hsapiens_gene_ensembl__transcript__main","seq_region_start_1064"
"15","transcript_end","Transcript end (bp)","End Coordinate of the gene in chromosomal coordinates.","feature_page","html,txt,csv,tsv,xls","hsapiens_gene_ensembl__transcript__main","seq_region_end_1064"
"16","transcription_start_site","Transcription start site (TSS)","","feature_page","html,txt,csv,tsv,xls","hsapiens_gene_ensembl__transcript__main","transcription_start_site"
"17","transcript_length","Transcript length (including UTRs and CDS)","","feature_page","html,txt,csv,tsv,xls","hsapiens_gene_ensembl__transcript__main","transcript_length"
"18","transcript_gencode_basic","GENCODE basic annotation","","feature_page","html,txt,csv,tsv,xls","hsapiens_gene_ensembl__tra_gencode_basic__dm","value_1065"
"19","external_gene_name","Gene name","","feature_page","html,txt,csv,tsv,xls","hsapiens_gene_ensembl__gene__main","display_label_1074"
"20","external_gene_source","Source of gene name","","feature_page","html,txt,csv,tsv,xls","hsapiens_gene_ensembl__gene__main","db_display_name_1018"
"21","external_transcript_name","Transcript name","","feature_page","html,txt,csv,tsv,xls","hsapiens_gene_ensembl__transcript__main","display_label_1074_r1"
"22","external_transcript_source_name","Source of transcript name","","feature_page","html,txt,csv,tsv,xls","hsapiens_gene_ensembl__transcript__main","db_display_name_1018_r1"
"23","transcript_count","Transcript count","","feature_page","html,txt,csv,tsv,xls","hsapiens_gene_ensembl__gene__main","transcript_count"
"24","percentage_gene_gc_content","Gene % GC content","Percentage gene GC content","feature_page","html,txt,csv,tsv,xls","hsapiens_gene_ensembl__gene__main","value_1022"
"25","gene_biotype","Gene type","","feature_page","html,txt,csv,tsv,xls","hsapiens_gene_ensembl__gene__main","biotype_1020"
"26","transcript_biotype","Transcript type","","feature_page","html,txt,csv,tsv,xls","hsapiens_gene_ensembl__transcript__main","biotype_1064"
"27","source","Source (gene)","","feature_page","html,txt,csv,tsv,xls","hsapiens_gene_ensembl__gene__main","source_1020"
"28","transcript_source","Source (transcript)","","feature_page","html,txt,csv,tsv,xls","hsapiens_gene_ensembl__transcript__main","source_1064"
"29","version","Version (gene)","","feature_page","html,txt,csv,tsv,xls","hsapiens_gene_ensembl__gene__main","version_1020"
"30","transcript_version","Version (transcript)","","feature_page","html,txt,csv,tsv,xls","hsapiens_gene_ensembl__transcript__main","version_1064"
"31","peptide_version","Version (protein)","","feature_page","html,txt,csv,tsv,xls","hsapiens_gene_ensembl__translation__main","version_1068"
"32","external_synonym","Gene Synonym","","feature_page","html,txt,csv,tsv,xls","hsapiens_gene_ensembl__external_synonym__dm","external_synonym"
"33","phenotype_description","Phenotype description","","feature_page","html,txt,csv,tsv,xls","hsapiens_gene_ensembl__phenotype__dm","description_20125"
"34","source_name","Source name","","feature_page","html,txt,csv,tsv,xls","hsapiens_gene_ensembl__phenotype__dm","source_20125"
"35","study_external_id","Study external reference","","feature_page","html,txt,csv,tsv,xls","hsapiens_gene_ensembl__phenotype__dm","external_id_20125"
"36","strain_name","Strain name","","feature_page","html,txt,csv,tsv,xls","hsapiens_gene_ensembl__phenotype__dm","strain_name_20125"
"37","strain_gender","Strain gender","","feature_page","html,txt,csv,tsv,xls","hsapiens_gene_ensembl__phenotype__dm","strain_gender_20125"
"38","p_value","P value","","feature_page","html,txt,csv,tsv,xls","hsapiens_gene_ensembl__phenotype__dm","p_value_20125"
"39","go_id","GO term accession","","feature_page","html,txt,csv,tsv,xls","hsapiens_gene_ensembl__ontology_go__dm","dbprimary_acc_1074"
"40","name_1006","GO term name","","feature_page","html,txt,csv,tsv,xls","hsapiens_gene_ensembl__ontology_go__dm","name_1006"
"41","definition_1006","GO term definition","","feature_page","html,txt,csv,tsv,xls","hsapiens_gene_ensembl__ontology_go__dm","definition_1006"
"42","go_linkage_type","GO term evidence code","","feature_page","html,txt,csv,tsv,xls","hsapiens_gene_ensembl__ontology_go__dm","linkage_type_1024"
"43","namespace_1003","GO domain","","feature_page","html,txt,csv,tsv,xls","hsapiens_gene_ensembl__ontology_go__dm","namespace_1003"
"44","goslim_goa_accession","GOSlim GOA Accession(s)","","feature_page","html,txt,csv,tsv,xls","hsapiens_gene_ensembl__ox_goslim_goa__dm","dbprimary_acc_1074"
"45","goslim_goa_description","GOSlim GOA Description","","feature_page","html,txt,csv,tsv,xls","hsapiens_gene_ensembl__ox_goslim_goa__dm","description_1074"
"46","ccds","CCDS ID","","feature_page","html,txt,csv,tsv,xls","hsapiens_gene_ensembl__ox_ccds__dm","dbprimary_acc_1074"
"47","chembl","ChEMBL ID","","feature_page","html,txt,csv,tsv,xls","hsapiens_gene_ensembl__ox_chembl__dm","dbprimary_acc_1074"
"48","clone_based_ensembl_gene","Clone-based (Ensembl) gene ID","","feature_page","html,txt,csv,tsv,xls","hsapiens_gene_ensembl__ox_clone_based_ensembl_gene__dm","dbprimary_acc_1074"
"49","clone_based_ensembl_transcript","Clone-based (Ensembl) transcript ID","","feature_page","html,txt,csv,tsv,xls","hsapiens_gene_ensembl__ox_clone_based_ensembl_transcript__dm","dbprimary_acc_1074"
"50","clone_based_vega_gene","Clone-based (Vega) gene ID","","feature_page","html,txt,csv,tsv,xls","hsapiens_gene_ensembl__ox_clone_based_vega_gene__dm","dbprimary_acc_1074"
"51","clone_based_vega_transcript","Clone-based (Vega) transcript ID","","feature_page","html,txt,csv,tsv,xls","hsapiens_gene_ensembl__ox_clone_based_vega_transcript__dm","dbprimary_acc_1074"
"52","dbass3_name","DataBase of Aberrant 3' Splice Sites name","","feature_page","html,txt,csv,tsv,xls","hsapiens_gene_ensembl__ox_dbass3__dm","display_label_1074"
"53","dbass3_id","DataBase of Aberrant 3' Splice Sites ID","","feature_page","html,txt,csv,tsv,xls","hsapiens_gene_ensembl__ox_dbass3__dm","dbprimary_acc_1074"
"54","ens_hs_translation","Ensembl Human Translation ID","","feature_page","html,txt,csv,tsv,xls","hsapiens_gene_ensembl__ox_ens_hs_translation__dm","dbprimary_acc_1074"
"55","embl","European Nucleotide Archive ID","","feature_page","html,txt,csv,tsv,xls","hsapiens_gene_ensembl__ox_embl__dm","dbprimary_acc_1074"
"56","arrayexpress","Expression Atlas ID","","feature_page","html,txt,csv,tsv,xls","hsapiens_gene_ensembl__ox_arrayexpress__dm","dbprimary_acc_1074"
"57","ottg","Havana gene ID","","feature_page","html,txt,csv,tsv,xls","hsapiens_gene_ensembl__ox_ottg__dm","dbprimary_acc_1074"
"58","ottt","Havana transcript ID","","feature_page","html,txt,csv,tsv,xls","hsapiens_gene_ensembl__ox_ottt__dm","dbprimary_acc_1074"
"59","shares_cds_with_ottt","Havana transcript having same CDS ID","","feature_page","html,txt,csv,tsv,xls","hsapiens_gene_ensembl__ox_shares_cds_with_ottt__dm","dbprimary_acc_1074"
"60","hgnc_id","HGNC ID","","feature_page","html,txt,csv,tsv,xls","hsapiens_gene_ensembl__ox_hgnc__dm","dbprimary_acc_1074"
"61","hgnc_symbol","HGNC symbol","","feature_page","html,txt,csv,tsv,xls","hsapiens_gene_ensembl__ox_hgnc__dm","display_label_1074"
"62","hpa_accession","Human Protein Atlas accession","","feature_page","html,txt,csv,tsv,xls","hsapiens_gene_ensembl__ox_hpa__dm","display_label_1074"
"63","hpa_id","Human Protein Atlas ID","","feature_page","html,txt,csv,tsv,xls","hsapiens_gene_ensembl__ox_hpa__dm","dbprimary_acc_1074"
"64","protein_id","INSDC protein ID","","feature_page","html,txt,csv,tsv,xls","hsapiens_gene_ensembl__ox_protein_id__dm","dbprimary_acc_1074"
"65","lrg","Locus Reference Genomic ID","","feature_page","html,txt,csv,tsv,xls","hsapiens_gene_ensembl__ox_lrg__dm","dbprimary_acc_1074"
"66","ens_lrg_gene","LRG display in Ensembl gene ID","","feature_page","html,txt,csv,tsv,xls","hsapiens_gene_ensembl__ox_ens_lrg_gene__dm","dbprimary_acc_1074"
"67","ens_lrg_transcript","LRG display in Ensembl transcript ID","","feature_page","html,txt,csv,tsv,xls","hsapiens_gene_ensembl__ox_ens_lrg_transcript__dm","dbprimary_acc_1074"
"68","merops","MEROPS - the Peptidase Database ID","","feature_page","html,txt,csv,tsv,xls","hsapiens_gene_ensembl__ox_merops__dm","dbprimary_acc_1074"
"69","mim_gene_description","MIM gene description","","feature_page","html,txt,csv,tsv,xls","hsapiens_gene_ensembl__ox_mim_gene__dm","description_1074"
"70","mim_gene_accession","MIM gene accession","","feature_page","html,txt,csv,tsv,xls","hsapiens_gene_ensembl__ox_mim_gene__dm","dbprimary_acc_1074"
"71","mim_morbid_description","MIM morbid description","","feature_page","html,txt,csv,tsv,xls","hsapiens_gene_ensembl__ox_mim_morbid__dm","description_1074"
"72","mim_morbid_accession","MIM morbid accession","","feature_page","html,txt,csv,tsv,xls","hsapiens_gene_ensembl__ox_mim_morbid__dm","dbprimary_acc_1074"
"73","mirbase_accession","miRBase accession","","feature_page","html,txt,csv,tsv,xls","hsapiens_gene_ensembl__ox_mirbase__dm","dbprimary_acc_1074"
"74","mirbase_id","miRBase ID","","feature_page","html,txt,csv,tsv,xls","hsapiens_gene_ensembl__ox_mirbase__dm","display_label_1074"
"75","mirbase_trans_name","miRBase transcript name ID","","feature_page","html,txt,csv,tsv,xls","hsapiens_gene_ensembl__ox_mirbase_trans_name__dm","dbprimary_acc_1074"
"76","entrezgene_description","NCBI gene (formerly Entrezgene) description","","feature_page","html,txt,csv,tsv,xls","hsapiens_gene_ensembl__ox_entrezgene__dm","description_1074"
"77","entrezgene_accession","NCBI gene (formerly Entrezgene) accession","","feature_page","html,txt,csv,tsv,xls","hsapiens_gene_ensembl__ox_entrezgene__dm","display_label_1074"
"78","entrezgene_id","NCBI gene (formerly Entrezgene) ID","","feature_page","html,txt,csv,tsv,xls","hsapiens_gene_ensembl__ox_entrezgene__dm","dbprimary_acc_1074"
"79","pdb","PDB ID","","feature_page","html,txt,csv,tsv,xls","hsapiens_gene_ensembl__ox_pdb__dm","dbprimary_acc_1074"
"80","refseq_mrna","RefSeq mRNA ID","","feature_page","html,txt,csv,tsv,xls","hsapiens_gene_ensembl__ox_refseq_mrna__dm","dbprimary_acc_1074"
"81","refseq_mrna_predicted","RefSeq mRNA predicted ID","","feature_page","html,txt,csv,tsv,xls","hsapiens_gene_ensembl__ox_refseq_mrna_predicted__dm","dbprimary_acc_1074"
"82","refseq_ncrna","RefSeq ncRNA ID","","feature_page","html,txt,csv,tsv,xls","hsapiens_gene_ensembl__ox_refseq_ncrna__dm","dbprimary_acc_1074"
"83","refseq_ncrna_predicted","RefSeq ncRNA predicted ID","","feature_page","html,txt,csv,tsv,xls","hsapiens_gene_ensembl__ox_refseq_ncrna_predicted__dm","dbprimary_acc_1074"
"84","refseq_peptide","RefSeq peptide ID","","feature_page","html,txt,csv,tsv,xls","hsapiens_gene_ensembl__ox_refseq_peptide__dm","dbprimary_acc_1074"
"85","refseq_peptide_predicted","RefSeq peptide predicted ID","","feature_page","html,txt,csv,tsv,xls","hsapiens_gene_ensembl__ox_refseq_peptide_predicted__dm","dbprimary_acc_1074"
"86","rfam","RFAM ID","","feature_page","html,txt,csv,tsv,xls","hsapiens_gene_ensembl__ox_rfam__dm","dbprimary_acc_1074"
"87","rfam_trans_name","RFAM transcript name ID","","feature_page","html,txt,csv,tsv,xls","hsapiens_gene_ensembl__ox_rfam_trans_name__dm","dbprimary_acc_1074"
"88","shares_cds_and_utr_with_ottt","Transcript having exact match between ENSEMBL and HAVANA ID","","feature_page","html,txt,csv,tsv,xls","hsapiens_gene_ensembl__ox_shares_cds_and_utr_with_ottt__dm","dbprimary_acc_1074"
"89","hgnc_trans_name","Transcript name ID","","feature_page","html,txt,csv,tsv,xls","hsapiens_gene_ensembl__ox_hgnc_trans_name__dm","dbprimary_acc_1074"
"90","ucsc","UCSC Stable ID","","feature_page","html,txt,csv,tsv,xls","hsapiens_gene_ensembl__ox_ucsc__dm","dbprimary_acc_1074"
"91","unigene","UniGene ID","","feature_page","html,txt,csv,tsv,xls","hsapiens_gene_ensembl__ox_unigene__dm","dbprimary_acc_1074"
"92","uniparc","UniParc ID","","feature_page","html,txt,csv,tsv,xls","hsapiens_gene_ensembl__ox_uniparc__dm","dbprimary_acc_1074"
"93","uniprot_gn_trans_name","UniProt transcript name ID","","feature_page","html,txt,csv,tsv,xls","hsapiens_gene_ensembl__ox_uniprot_gn_trans_name__dm","dbprimary_acc_1074"
"94","uniprot_gn_symbol","UniProtKB Gene Name symbol","","feature_page","html,txt,csv,tsv,xls","hsapiens_gene_ensembl__ox_uniprot_gn__dm","display_label_1074"
"95","uniprot_gn_id","UniProtKB Gene Name ID","","feature_page","html,txt,csv,tsv,xls","hsapiens_gene_ensembl__ox_uniprot_gn__dm","dbprimary_acc_1074"
"96","uniprotswissprot","UniProtKB/Swiss-Prot ID","","feature_page","html,txt,csv,tsv,xls","hsapiens_gene_ensembl__ox_uniprotswissprot__dm","dbprimary_acc_1074"
"97","uniprotsptrembl","UniProtKB/TrEMBL ID","","feature_page","html,txt,csv,tsv,xls","hsapiens_gene_ensembl__ox_uniprotsptrembl__dm","dbprimary_acc_1074"
"98","vega_transcript","Vega transcript ID","","feature_page","html,txt,csv,tsv,xls","hsapiens_gene_ensembl__ox_vega_transcript__dm","dbprimary_acc_1074"
"99","vega_translation","Vega translation ID","","feature_page","html,txt,csv,tsv,xls","hsapiens_gene_ensembl__ox_vega_translation__dm","dbprimary_acc_1074"
"100","wikigene_description","WikiGene description","","feature_page","html,txt,csv,tsv,xls","hsapiens_gene_ensembl__ox_wikigene__dm","description_1074"
"101","wikigene_name","WikiGene name","","feature_page","html,txt,csv,tsv,xls","hsapiens_gene_ensembl__ox_wikigene__dm","display_label_1074"
"102","wikigene_id","WikiGene ID","","feature_page","html,txt,csv,tsv,xls","hsapiens_gene_ensembl__ox_wikigene__dm","dbprimary_acc_1074"
"103","affy_hc_g110","AFFY HC G110 probe","","feature_page","html,txt,csv,tsv,xls","hsapiens_gene_ensembl__efg_affy_hc_g110__dm","display_label_11056"
"104","affy_hg_focus","AFFY HG Focus probe","","feature_page","html,txt,csv,tsv,xls","hsapiens_gene_ensembl__efg_affy_hg_focus__dm","display_label_11056"
"105","affy_hg_u133a","AFFY HG U133A probe","","feature_page","html,txt,csv,tsv,xls","hsapiens_gene_ensembl__efg_affy_hg_u133a__dm","display_label_11056"
"106","affy_hg_u133a_2","AFFY HG U133A 2 probe","","feature_page","html,txt,csv,tsv,xls","hsapiens_gene_ensembl__efg_affy_hg_u133a_2__dm","display_label_11056"
"107","affy_hg_u133b","AFFY HG U133B probe","","feature_page","html,txt,csv,tsv,xls","hsapiens_gene_ensembl__efg_affy_hg_u133b__dm","display_label_11056"
"108","affy_hg_u133_plus_2","AFFY HG U133 Plus 2 probe","","feature_page","html,txt,csv,tsv,xls","hsapiens_gene_ensembl__efg_affy_hg_u133_plus_2__dm","display_label_11056"
"109","affy_hg_u95a","AFFY HG U95A probe","","feature_page","html,txt,csv,tsv,xls","hsapiens_gene_ensembl__efg_affy_hg_u95a__dm","display_label_11056"
"110","affy_hg_u95av2","AFFY HG U95Av2 probe","","feature_page","html,txt,csv,tsv,xls","hsapiens_gene_ensembl__efg_affy_hg_u95av2__dm","display_label_11056"
"111","affy_hg_u95b","AFFY HG U95B probe","","feature_page","html,txt,csv,tsv,xls","hsapiens_gene_ensembl__efg_affy_hg_u95b__dm","display_label_11056"
"112","affy_hg_u95c","AFFY HG U95C probe","","feature_page","html,txt,csv,tsv,xls","hsapiens_gene_ensembl__efg_affy_hg_u95c__dm","display_label_11056"
"113","affy_hg_u95d","AFFY HG U95D probe","","feature_page","html,txt,csv,tsv,xls","hsapiens_gene_ensembl__efg_affy_hg_u95d__dm","display_label_11056"
"114","affy_hg_u95e","AFFY HG U95E probe","","feature_page","html,txt,csv,tsv,xls","hsapiens_gene_ensembl__efg_affy_hg_u95e__dm","display_label_11056"
"115","affy_hta_2_0","AFFY HTA 2 0 probe","","feature_page","html,txt,csv,tsv,xls","hsapiens_gene_ensembl__efg_affy_hta_2_0__dm","display_label_11056"
"116","affy_huex_1_0_st_v2","AFFY HuEx 1 0 st v2 probe","","feature_page","html,txt,csv,tsv,xls","hsapiens_gene_ensembl__efg_affy_huex_1_0_st_v2__dm","display_label_11056"
"117","affy_hugenefl","AFFY HuGeneFL probe","","feature_page","html,txt,csv,tsv,xls","hsapiens_gene_ensembl__efg_affy_hugenefl__dm","display_label_11056"
"118","affy_hugene_1_0_st_v1","AFFY HuGene 1 0 st v1 probe","","feature_page","html,txt,csv,tsv,xls","hsapiens_gene_ensembl__efg_affy_hugene_1_0_st_v1__dm","display_label_11056"
"119","affy_hugene_2_0_st_v1","AFFY HuGene 2 0 st v1 probe","","feature_page","html,txt,csv,tsv,xls","hsapiens_gene_ensembl__efg_affy_hugene_2_0_st_v1__dm","display_label_11056"
"120","affy_primeview","AFFY PrimeView probe","","feature_page","html,txt,csv,tsv,xls","hsapiens_gene_ensembl__efg_affy_primeview__dm","display_label_11056"
"121","affy_u133_x3p","AFFY U133 X3P probe","","feature_page","html,txt,csv,tsv,xls","hsapiens_gene_ensembl__efg_affy_u133_x3p__dm","display_label_11056"
"122","agilent_cgh_44b","AGILENT CGH 44b probe","","feature_page","html,txt,csv,tsv,xls","hsapiens_gene_ensembl__efg_agilent_cgh_44b__dm","display_label_11056"
"123","agilent_gpl26966","AGILENT GPL26966 probe","","feature_page","html,txt,csv,tsv,xls","hsapiens_gene_ensembl__efg_agilent_gpl26966__dm","display_label_11056"
"124","agilent_gpl6848","AGILENT GPL6848 probe","","feature_page","html,txt,csv,tsv,xls","hsapiens_gene_ensembl__efg_agilent_gpl6848__dm","display_label_11056"
"125","agilent_sureprint_g3_ge_8x60k","AGILENT SurePrint G3 GE 8x60k probe","","feature_page","html,txt,csv,tsv,xls","hsapiens_gene_ensembl__efg_agilent_sureprint_g3_ge_8x60k__dm","display_label_11056"
"126","agilent_sureprint_g3_ge_8x60k_v2","AGILENT SurePrint G3 GE 8x60k v2 probe","","feature_page","html,txt,csv,tsv,xls","hsapiens_gene_ensembl__efg_agilent_sureprint_g3_ge_8x60k_v2__dm","display_label_11056"
"127","agilent_wholegenome","AGILENT WholeGenome probe","","feature_page","html,txt,csv,tsv,xls","hsapiens_gene_ensembl__efg_agilent_wholegenome__dm","display_label_11056"
"128","agilent_wholegenome_4x44k_v1","AGILENT WholeGenome 4x44k v1 probe","","feature_page","html,txt,csv,tsv,xls","hsapiens_gene_ensembl__efg_agilent_wholegenome_4x44k_v1__dm","display_label_11056"
"129","agilent_wholegenome_4x44k_v2","AGILENT WholeGenome 4x44k v2 probe","","feature_page","html,txt,csv,tsv,xls","hsapiens_gene_ensembl__efg_agilent_wholegenome_4x44k_v2__dm","display_label_11056"
"130","codelink_codelink","CODELINK CODELINK probe","","feature_page","html,txt,csv,tsv,xls","hsapiens_gene_ensembl__efg_codelink_codelink__dm","display_label_11056"
"131","illumina_humanht_12_v3","ILLUMINA HumanHT 12 V3 probe","","feature_page","html,txt,csv,tsv,xls","hsapiens_gene_ensembl__efg_illumina_humanht_12_v3__dm","display_label_11056"
"132","illumina_humanht_12_v4","ILLUMINA HumanHT 12 V4 probe","","feature_page","html,txt,csv,tsv,xls","hsapiens_gene_ensembl__efg_illumina_humanht_12_v4__dm","display_label_11056"
"133","illumina_humanref_8_v3","ILLUMINA HumanRef 8 V3 probe","","feature_page","html,txt,csv,tsv,xls","hsapiens_gene_ensembl__efg_illumina_humanref_8_v3__dm","display_label_11056"
"134","illumina_humanwg_6_v1","ILLUMINA HumanWG 6 V1 probe","","feature_page","html,txt,csv,tsv,xls","hsapiens_gene_ensembl__efg_illumina_humanwg_6_v1__dm","display_label_11056"
"135","illumina_humanwg_6_v2","ILLUMINA HumanWG 6 V2 probe","","feature_page","html,txt,csv,tsv,xls","hsapiens_gene_ensembl__efg_illumina_humanwg_6_v2__dm","display_label_11056"
"136","illumina_humanwg_6_v3","ILLUMINA HumanWG 6 V3 probe","","feature_page","html,txt,csv,tsv,xls","hsapiens_gene_ensembl__efg_illumina_humanwg_6_v3__dm","display_label_11056"
"137","phalanx_onearray","PHALANX OneArray probe","","feature_page","html,txt,csv,tsv,xls","hsapiens_gene_ensembl__efg_phalanx_onearray__dm","display_label_11056"
"138","gene3d","Gene3D ID","","feature_page","html,txt,csv,tsv,xls","hsapiens_gene_ensembl__protein_feature_gene3d__dm","hit_name_1048"
"139","gene3d_start","Gene3D start","","feature_page","html,txt,csv,tsv,xls","hsapiens_gene_ensembl__protein_feature_gene3d__dm","seq_start_1048"
"140","gene3d_end","Gene3D end","","feature_page","html,txt,csv,tsv,xls","hsapiens_gene_ensembl__protein_feature_gene3d__dm","seq_end_1048"
"141","hamap","HAMAP ID","","feature_page","html,txt,csv,tsv,xls","hsapiens_gene_ensembl__protein_feature_hamap__dm","hit_name_1048"
"142","hamap_start","HAMAP start","","feature_page","html,txt,csv,tsv,xls","hsapiens_gene_ensembl__protein_feature_hamap__dm","seq_start_1048"
"143","hamap_end","HAMAP end","","feature_page","html,txt,csv,tsv,xls","hsapiens_gene_ensembl__protein_feature_hamap__dm","seq_end_1048"
"144","hmmpanther","PANTHER ID","","feature_page","html,txt,csv,tsv,xls","hsapiens_gene_ensembl__protein_feature_hmmpanther__dm","hit_name_1048"
"145","hmmpanther_start","PANTHER start","","feature_page","html,txt,csv,tsv,xls","hsapiens_gene_ensembl__protein_feature_hmmpanther__dm","seq_start_1048"
"146","hmmpanther_end","PANTHER end","","feature_page","html,txt,csv,tsv,xls","hsapiens_gene_ensembl__protein_feature_hmmpanther__dm","seq_end_1048"
"147","pfam","Pfam ID","","feature_page","html,txt,csv,tsv,xls","hsapiens_gene_ensembl__protein_feature_pfam__dm","hit_name_1048"
"148","pfam_start","Pfam start","","feature_page","html,txt,csv,tsv,xls","hsapiens_gene_ensembl__protein_feature_pfam__dm","seq_start_1048"
"149","pfam_end","Pfam end","","feature_page","html,txt,csv,tsv,xls","hsapiens_gene_ensembl__protein_feature_pfam__dm","seq_end_1048"
"150","pirsf","PIRSF ID","","feature_page","html,txt,csv,tsv,xls","hsapiens_gene_ensembl__protein_feature_pirsf__dm","hit_name_1048"
"151","pirsf_start","PIRSF start","","feature_page","html,txt,csv,tsv,xls","hsapiens_gene_ensembl__protein_feature_pirsf__dm","seq_start_1048"
"152","pirsf_end","PIRSF end","","feature_page","html,txt,csv,tsv,xls","hsapiens_gene_ensembl__protein_feature_pirsf__dm","seq_end_1048"
"153","prints","Prints ID","","feature_page","html,txt,csv,tsv,xls","hsapiens_gene_ensembl__protein_feature_prints__dm","hit_name_1048"
"154","prints_start","Prints start","","feature_page","html,txt,csv,tsv,xls","hsapiens_gene_ensembl__protein_feature_prints__dm","seq_start_1048"
"155","prints_end","Prints end","","feature_page","html,txt,csv,tsv,xls","hsapiens_gene_ensembl__protein_feature_prints__dm","seq_end_1048"
"156","scanprosite","PROSITE patterns ID","","feature_page","html,txt,csv,tsv,xls","hsapiens_gene_ensembl__protein_feature_scanprosite__dm","hit_name_1048"
"157","scanprosite_start","PROSITE patterns start","","feature_page","html,txt,csv,tsv,xls","hsapiens_gene_ensembl__protein_feature_scanprosite__dm","seq_start_1048"
"158","scanprosite_end","PROSITE patterns end","","feature_page","html,txt,csv,tsv,xls","hsapiens_gene_ensembl__protein_feature_scanprosite__dm","seq_end_1048"
"159","pfscan","PROSITE profiles ID","","feature_page","html,txt,csv,tsv,xls","hsapiens_gene_ensembl__protein_feature_pfscan__dm","hit_name_1048"
"160","pfscan_start","PROSITE profiles start","","feature_page","html,txt,csv,tsv,xls","hsapiens_gene_ensembl__protein_feature_pfscan__dm","seq_start_1048"
"161","pfscan_end","PROSITE profiles end","","feature_page","html,txt,csv,tsv,xls","hsapiens_gene_ensembl__protein_feature_pfscan__dm","seq_end_1048"
"162","smart","SMART ID","","feature_page","html,txt,csv,tsv,xls","hsapiens_gene_ensembl__protein_feature_smart__dm","hit_name_1048"
"163","smart_start","SMART start","","feature_page","html,txt,csv,tsv,xls","hsapiens_gene_ensembl__protein_feature_smart__dm","seq_start_1048"
"164","smart_end","SMART end","","feature_page","html,txt,csv,tsv,xls","hsapiens_gene_ensembl__protein_feature_smart__dm","seq_end_1048"
"165","superfamily","Superfamily ID","","feature_page","html,txt,csv,tsv,xls","hsapiens_gene_ensembl__protein_feature_superfamily__dm","hit_name_1048"
"166","superfamily_start","Superfamily start","","feature_page","html,txt,csv,tsv,xls","hsapiens_gene_ensembl__protein_feature_superfamily__dm","seq_start_1048"
"167","superfamily_end","Superfamily end","","feature_page","html,txt,csv,tsv,xls","hsapiens_gene_ensembl__protein_feature_superfamily__dm","seq_end_1048"
"168","tigrfam","TIGRFAM ID","","feature_page","html,txt,csv,tsv,xls","hsapiens_gene_ensembl__protein_feature_tigrfam__dm","hit_name_1048"
"169","tigrfam_start","TIGRFAM start","","feature_page","html,txt,csv,tsv,xls","hsapiens_gene_ensembl__protein_feature_tigrfam__dm","seq_start_1048"
"170","tigrfam_end","TIGRFAM end","","feature_page","html,txt,csv,tsv,xls","hsapiens_gene_ensembl__protein_feature_tigrfam__dm","seq_end_1048"
"171","interpro","Interpro ID","InterPro Accession ID","feature_page","html,txt,csv,tsv,xls","hsapiens_gene_ensembl__interpro__dm","interpro_ac_1026"
"172","interpro_short_description","Interpro Short Description","InterPro Short Description","feature_page","html,txt,csv,tsv,xls","hsapiens_gene_ensembl__interpro__dm","display_label_1074"
"173","interpro_description","Interpro Description","InterPro Description","feature_page","html,txt,csv,tsv,xls","hsapiens_gene_ensembl__interpro__dm","description_1074"
"174","interpro_start","Interpro start","","feature_page","html,txt,csv,tsv,xls","hsapiens_gene_ensembl__interpro__dm","seq_start_1048"
"175","interpro_end","Interpro end","","feature_page","html,txt,csv,tsv,xls","hsapiens_gene_ensembl__interpro__dm","seq_end_1048"
"176","ncoils","Coiled-coils (Ncoils)","","feature_page","html,txt,csv,tsv,xls","hsapiens_gene_ensembl__protein_feature_ncoils__dm","hit_name_1048"
"177","ncoils_start","Coiled-coils (Ncoils) start","","feature_page","html,txt,csv,tsv,xls","hsapiens_gene_ensembl__protein_feature_ncoils__dm","seq_start_1048"
"178","ncoils_end","Coiled-coils (Ncoils) end","","feature_page","html,txt,csv,tsv,xls","hsapiens_gene_ensembl__protein_feature_ncoils__dm","seq_end_1048"
"179","seg","Low complexity (Seg)","","feature_page","html,txt,csv,tsv,xls","hsapiens_gene_ensembl__protein_feature_seg__dm","hit_name_1048"
"180","seg_start","Low complexity (Seg) start","","feature_page","html,txt,csv,tsv,xls","hsapiens_gene_ensembl__protein_feature_seg__dm","seq_start_1048"
"181","seg_end","Low complexity (Seg) end","","feature_page","html,txt,csv,tsv,xls","hsapiens_gene_ensembl__protein_feature_seg__dm","seq_end_1048"
"182","signalp","Cleavage site (Signalp)","","feature_page","html,txt,csv,tsv,xls","hsapiens_gene_ensembl__protein_feature_signalp__dm","hit_name_1048"
"183","signalp_start","Cleavage site (Signalp) start","","feature_page","html,txt,csv,tsv,xls","hsapiens_gene_ensembl__protein_feature_signalp__dm","seq_start_1048"
"184","signalp_end","Cleavage site (Signalp) end","","feature_page","html,txt,csv,tsv,xls","hsapiens_gene_ensembl__protein_feature_signalp__dm","seq_end_1048"
"185","tmhmm","Transmembrane helices","","feature_page","html,txt,csv,tsv,xls","hsapiens_gene_ensembl__protein_feature_tmhmm__dm","hit_name_1048"
"186","tmhmm_start","Transmembrane helices start","","feature_page","html,txt,csv,tsv,xls","hsapiens_gene_ensembl__protein_feature_tmhmm__dm","seq_start_1048"
"187","tmhmm_end","Transmembrane helices end","","feature_page","html,txt,csv,tsv,xls","hsapiens_gene_ensembl__protein_feature_tmhmm__dm","seq_end_1048"
"188","ensembl_gene_id","Gene stable ID","","structure","html,txt,csv,tsv,xls","hsapiens_gene_ensembl__gene__main","stable_id_1023"
"189","ensembl_gene_id_version","Gene stable ID version","","structure","html,txt,csv,tsv,xls","hsapiens_gene_ensembl__gene__main","gene__main_stable_id_version"
"190","version","Version (gene)","","structure","html,txt,csv,tsv,xls","hsapiens_gene_ensembl__gene__main","version_1020"
"191","ensembl_transcript_id","Transcript stable ID","","structure","html,txt,csv,tsv,xls","hsapiens_gene_ensembl__transcript__main","stable_id_1066"
"192","ensembl_transcript_id_version","Transcript stable ID version","","structure","html,txt,csv,tsv,xls","hsapiens_gene_ensembl__transcript__main","transcript__main_stable_id_version"
"193","transcript_version","Version (transcript)","","structure","html,txt,csv,tsv,xls","hsapiens_gene_ensembl__transcript__main","version_1064"
"194","ensembl_peptide_id","Protein stable ID","","structure","html,txt,csv,tsv,xls","hsapiens_gene_ensembl__translation__main","stable_id_1070"
"195","ensembl_peptide_id_version","Protein stable ID version","","structure","html,txt,csv,tsv,xls","hsapiens_gene_ensembl__translation__main","translation__main_stable_id_version"
"196","peptide_version","Version (protein)","","structure","html,txt,csv,tsv,xls","hsapiens_gene_ensembl__translation__main","version_1068"
"197","chromosome_name","Chromosome/scaffold name","","structure","html,txt,csv,tsv,xls","hsapiens_gene_ensembl__gene__main","name_1059"
"198","start_position","Gene start (bp)","","structure","html,txt,csv,tsv,xls","hsapiens_gene_ensembl__gene__main","seq_region_start_1020"
"199","end_position","Gene end (bp)","","structure","html,txt,csv,tsv,xls","hsapiens_gene_ensembl__gene__main","seq_region_end_1020"
"200","transcript_start","Transcript start (bp)","","structure","html,txt,csv,tsv,xls","hsapiens_gene_ensembl__transcript__main","seq_region_start_1064"
"201","transcript_end","Transcript end (bp)","","structure","html,txt,csv,tsv,xls","hsapiens_gene_ensembl__transcript__main","seq_region_end_1064"
"202","transcription_start_site","Transcription start site (TSS)","","structure","html,txt,csv,tsv,xls","hsapiens_gene_ensembl__transcript__main","transcription_start_site"
"203","transcript_length","Transcript length (including UTRs and CDS)","","structure","html,txt,csv,tsv,xls","hsapiens_gene_ensembl__transcript__main","transcript_length"
"204","strand","Strand","","structure","html,txt,csv,tsv,xls","hsapiens_gene_ensembl__gene__main","seq_region_strand_1020"
"205","external_gene_name","Gene name","","structure","html,txt,csv,tsv,xls","hsapiens_gene_ensembl__gene__main","display_label_1074"
"206","external_gene_source","Source of gene name","","structure","html,txt,csv,tsv,xls","hsapiens_gene_ensembl__gene__main","db_display_name_1018"
"207","5_utr_start","5' UTR start","","structure","html,txt,csv,tsv,xls","hsapiens_gene_ensembl__exon_transcript__dm","five_prime_utr_start"
"208","5_utr_end","5' UTR end","","structure","html,txt,csv,tsv,xls","hsapiens_gene_ensembl__exon_transcript__dm","five_prime_utr_end"
"209","3_utr_start","3' UTR start","","structure","html,txt,csv,tsv,xls","hsapiens_gene_ensembl__exon_transcript__dm","three_prime_utr_start"
"210","3_utr_end","3' UTR end","","structure","html,txt,csv,tsv,xls","hsapiens_gene_ensembl__exon_transcript__dm","three_prime_utr_end"
"211","cds_length","CDS Length","","structure","html,txt,csv,tsv,xls","hsapiens_gene_ensembl__exon_transcript__dm","cds_length"
"212","transcript_count","Transcript count","","structure","html,txt,csv,tsv,xls","hsapiens_gene_ensembl__gene__main","transcript_count"
"213","description","Gene description","","structure","html,txt,csv,tsv,xls","hsapiens_gene_ensembl__gene__main","description_1020"
"214","gene_biotype","Gene type","","structure","html,txt,csv,tsv,xls","hsapiens_gene_ensembl__gene__main","biotype_1020"
"215","exon_chrom_start","Exon region start (bp)","","structure","html,txt,csv,tsv,xls","hsapiens_gene_ensembl__exon_transcript__dm","seq_region_start_1015"
"216","exon_chrom_end","Exon region end (bp)","","structure","html,txt,csv,tsv,xls","hsapiens_gene_ensembl__exon_transcript__dm","seq_region_end_1015"
"217","is_constitutive","Constitutive exon","","structure","html,txt,csv,tsv,xls","hsapiens_gene_ensembl__exon_transcript__dm","is_constitutive_1015"
"218","rank","Exon rank in transcript","","structure","html,txt,csv,tsv,xls","hsapiens_gene_ensembl__exon_transcript__dm","rank_1017"
"219","phase","Start phase","","structure","html,txt,csv,tsv,xls","hsapiens_gene_ensembl__exon_transcript__dm","phase_1015"
"220","end_phase","End phase","","structure","html,txt,csv,tsv,xls","hsapiens_gene_ensembl__exon_transcript__dm","end_phase_1015"
"221","cdna_coding_start","cDNA coding start","","structure","html,txt,csv,tsv,xls","hsapiens_gene_ensembl__exon_transcript__dm","cdna_coding_start"
"222","cdna_coding_end","cDNA coding end","","structure","html,txt,csv,tsv,xls","hsapiens_gene_ensembl__exon_transcript__dm","cdna_coding_end"
"223","genomic_coding_start","Genomic coding start","","structure","html,txt,csv,tsv,xls","hsapiens_gene_ensembl__exon_transcript__dm","genomic_coding_start"
"224","genomic_coding_end","Genomic coding end","","structure","html,txt,csv,tsv,xls","hsapiens_gene_ensembl__exon_transcript__dm","genomic_coding_end"
"225","ensembl_exon_id","Exon stable ID","","structure","html,txt,csv,tsv,xls","hsapiens_gene_ensembl__exon_transcript__dm","stable_id_1016"
"226","cds_start","CDS start","","structure","html,txt,csv,tsv,xls","hsapiens_gene_ensembl__exon_transcript__dm","cds_start"
"227","cds_end","CDS end","","structure","html,txt,csv,tsv,xls","hsapiens_gene_ensembl__exon_transcript__dm","cds_end"
"228","ensembl_gene_id","Gene stable ID","","homologs","html,txt,csv,tsv,xls","hsapiens_gene_ensembl__gene__main","stable_id_1023"
"229","ensembl_gene_id_version","Gene stable ID version","","homologs","html,txt,csv,tsv,xls","hsapiens_gene_ensembl__gene__main","gene__main_stable_id_version"
"230","version","Version (gene)","","homologs","html,txt,csv,tsv,xls","hsapiens_gene_ensembl__gene__main","version_1020"
"231","ensembl_transcript_id","Transcript stable ID","","homologs","html,txt,csv,tsv,xls","hsapiens_gene_ensembl__transcript__main","stable_id_1066"
"232","ensembl_transcript_id_version","Transcript stable ID version","","homologs","html,txt,csv,tsv,xls","hsapiens_gene_ensembl__transcript__main","transcript__main_stable_id_version"
"233","transcript_version","Version (transcript)","","homologs","html,txt,csv,tsv,xls","hsapiens_gene_ensembl__transcript__main","version_1064"
"234","ensembl_peptide_id","Protein stable ID","","homologs","html,txt,csv,tsv,xls","hsapiens_gene_ensembl__translation__main","stable_id_1070"
"235","ensembl_peptide_id_version","Protein stable ID version","","homologs","html,txt,csv,tsv,xls","hsapiens_gene_ensembl__translation__main","translation__main_stable_id_version"
"236","peptide_version","Version (protein)","","homologs","html,txt,csv,tsv,xls","hsapiens_gene_ensembl__translation__main","version_1068"
"237","chromosome_name","Chromosome/scaffold name","","homologs","html,txt,csv,tsv,xls","hsapiens_gene_ensembl__gene__main","name_1059"
"238","start_position","Gene start (bp)","","homologs","html,txt,csv,tsv,xls","hsapiens_gene_ensembl__gene__main","seq_region_start_1020"
"239","end_position","Gene end (bp)","","homologs","html,txt,csv,tsv,xls","hsapiens_gene_ensembl__gene__main","seq_region_end_1020"
"240","strand","Strand","","homologs","html,txt,csv,tsv,xls","hsapiens_gene_ensembl__gene__main","seq_region_strand_1020"
"241","band","Karyotype band","","homologs","html,txt,csv,tsv,xls","hsapiens_gene_ensembl__gene__main","band_1027"
"242","external_gene_name","Gene name","","homologs","html,txt,csv,tsv,xls","hsapiens_gene_ensembl__gene__main","display_label_1074"
"243","external_gene_source","Source of gene name","","homologs","html,txt,csv,tsv,xls","hsapiens_gene_ensembl__gene__main","db_display_name_1018"
"244","transcript_count","Transcript count","","homologs","html,txt,csv,tsv,xls","hsapiens_gene_ensembl__gene__main","transcript_count"
"245","percentage_gene_gc_content","Gene % GC content","","homologs","html,txt,csv,tsv,xls","hsapiens_gene_ensembl__gene__main","value_1022"
"246","description","Gene description","","homologs","html,txt,csv,tsv,xls","hsapiens_gene_ensembl__gene__main","description_1020"
"247","hsapiens_paralog_ensembl_gene","Human paralogue gene stable ID","","homologs","html,txt,csv,tsv,xls","hsapiens_gene_ensembl__paralog_hsapiens__dm","stable_id_4016_r2"
"248","hsapiens_paralog_associated_gene_name","Human paralogue associated gene name","","homologs","html,txt,csv,tsv,xls","hsapiens_gene_ensembl__paralog_hsapiens__dm","display_label_40273_r1"
"249","hsapiens_paralog_ensembl_peptide","Human paralogue protein or transcript ID","","homologs","html,txt,csv,tsv,xls","hsapiens_gene_ensembl__paralog_hsapiens__dm","stable_id_4016_r3"
"250","hsapiens_paralog_chromosome","Human paralogue chromosome/scaffold name","","homologs","html,txt,csv,tsv,xls","hsapiens_gene_ensembl__paralog_hsapiens__dm","chr_name_4016_r2"
"251","hsapiens_paralog_chrom_start","Human paralogue chromosome/scaffold start (bp)","","homologs","html,txt,csv,tsv,xls","hsapiens_gene_ensembl__paralog_hsapiens__dm","chr_start_4016_r2"
"252","hsapiens_paralog_chrom_end","Human paralogue chromosome/scaffold end (bp)","","homologs","html,txt,csv,tsv,xls","hsapiens_gene_ensembl__paralog_hsapiens__dm","chr_end_4016_r2"
"253","hsapiens_paralog_canonical_transcript_protein","Paralogue query protein or transcript ID","","homologs","html,txt,csv,tsv,xls","hsapiens_gene_ensembl__paralog_hsapiens__dm","stable_id_4016_r1"
"254","hsapiens_paralog_subtype","Paralogue last common ancestor with Human","","homologs","html,txt,csv,tsv,xls","hsapiens_gene_ensembl__paralog_hsapiens__dm","node_name_40192"
"255","hsapiens_paralog_orthology_type","Human paralogue homology type","","homologs","html,txt,csv,tsv,xls","hsapiens_gene_ensembl__paralog_hsapiens__dm","description_4014"
"256","hsapiens_paralog_perc_id","Paralogue %id. target Human gene identical to query gene","","homologs","html,txt,csv,tsv,xls","hsapiens_gene_ensembl__paralog_hsapiens__dm","perc_id_4015"
"257","hsapiens_paralog_perc_id_r1","Paralogue %id. query gene identical to target Human gene","","homologs","html,txt,csv,tsv,xls","hsapiens_gene_ensembl__paralog_hsapiens__dm","perc_id_4015_r1"
"258","hsapiens_paralog_dn","Paralogue dN with Human","","homologs","html,txt,csv,tsv,xls","hsapiens_gene_ensembl__paralog_hsapiens__dm","dn_4014"
"259","hsapiens_paralog_ds","Paralogue dS with Human","","homologs","html,txt,csv,tsv,xls","hsapiens_gene_ensembl__paralog_hsapiens__dm","ds_4014"
"260","ensembl_gene_id","Gene stable ID","","snp","html,txt,csv,tsv,xls","hsapiens_gene_ensembl__gene__main","stable_id_1023"
"261","ensembl_gene_id_version","Gene stable ID version","","snp","html,txt,csv,tsv,xls","hsapiens_gene_ensembl__gene__main","gene__main_stable_id_version"
"262","version","Version (gene)","","snp","html,txt,csv,tsv,xls","hsapiens_gene_ensembl__gene__main","version_1020"
"263","ensembl_transcript_id","Transcript stable ID","","snp","html,txt,csv,tsv,xls","hsapiens_gene_ensembl__transcript__main","stable_id_1066"
"264","ensembl_transcript_id_version","Transcript stable ID version","","snp","html,txt,csv,tsv,xls","hsapiens_gene_ensembl__transcript__main","transcript__main_stable_id_version"
"265","transcript_version","Version (transcript)","","snp","html,txt,csv,tsv,xls","hsapiens_gene_ensembl__transcript__main","version_1064"
"266","ensembl_peptide_id","Protein stable ID","","snp","html,txt,csv,tsv,xls","hsapiens_gene_ensembl__translation__main","stable_id_1070"
"267","ensembl_peptide_id_version","Protein stable ID version","","snp","html,txt,csv,tsv,xls","hsapiens_gene_ensembl__translation__main","translation__main_stable_id_version"
"268","peptide_version","Version (protein)","","snp","html,txt,csv,tsv,xls","hsapiens_gene_ensembl__translation__main","version_1068"
"269","chromosome_name","Chromosome/scaffold name","","snp","html,txt,csv,tsv,xls","hsapiens_gene_ensembl__gene__main","name_1059"
"270","start_position","Gene start (bp)","","snp","html,txt,csv,tsv,xls","hsapiens_gene_ensembl__gene__main","seq_region_start_1020"
"271","end_position","Gene end (bp)","","snp","html,txt,csv,tsv,xls","hsapiens_gene_ensembl__gene__main","seq_region_end_1020"
"272","strand","Strand","","snp","html,txt,csv,tsv,xls","hsapiens_gene_ensembl__gene__main","seq_region_strand_1020"
"273","band","Karyotype band","","snp","html,txt,csv,tsv,xls","hsapiens_gene_ensembl__gene__main","band_1027"
"274","external_gene_name","Gene name","","snp","html,txt,csv,tsv,xls","hsapiens_gene_ensembl__gene__main","display_label_1074"
"275","external_gene_source","Source of gene name","","snp","html,txt,csv,tsv,xls","hsapiens_gene_ensembl__gene__main","db_display_name_1018"
"276","transcript_count","Transcript count","","snp","html,txt,csv,tsv,xls","hsapiens_gene_ensembl__gene__main","transcript_count"
"277","percentage_gene_gc_content","Gene % GC content","","snp","html,txt,csv,tsv,xls","hsapiens_gene_ensembl__gene__main","value_1022"
"278","description","Gene description","","snp","html,txt,csv,tsv,xls","hsapiens_gene_ensembl__gene__main","description_1020"
"279","variation_name","Variant name","","snp","html,txt,csv,tsv,xls","hsapiens_gene_ensembl__mart_transcript_variation__dm","name_2025"
"280","germ_line_variation_source","Variant source","","snp","html,txt,csv,tsv,xls","hsapiens_gene_ensembl__mart_transcript_variation__dm","name_2021"
"281","source_description","Variant source description","","snp","html,txt,csv,tsv,xls","hsapiens_gene_ensembl__mart_transcript_variation__dm","description_2021"
"282","allele","Variant alleles","Snp Allele","snp","html,txt,csv,tsv,xls","hsapiens_gene_ensembl__mart_transcript_variation__dm","allele_string_2026"
"283","validated","Variant supporting evidence","","snp","html,txt,csv,tsv,xls","hsapiens_gene_ensembl__mart_transcript_variation__dm","evidence_2025"
"284","mapweight","Mapweight","","snp","html,txt,csv,tsv,xls","hsapiens_gene_ensembl__mart_transcript_variation__dm","map_weight_2026"
"285","minor_allele","Minor allele","","snp","html,txt,csv,tsv,xls","hsapiens_gene_ensembl__mart_transcript_variation__dm","minor_allele_2025"
"286","minor_allele_freq","Minor allele frequency","","snp","html,txt,csv,tsv,xls","hsapiens_gene_ensembl__mart_transcript_variation__dm","minor_allele_freq_2025"
"287","minor_allele_count","Minor allele count","","snp","html,txt,csv,tsv,xls","hsapiens_gene_ensembl__mart_transcript_variation__dm","minor_allele_count_2025"
"288","clinical_significance","Clinical significance","","snp","html,txt,csv,tsv,xls","hsapiens_gene_ensembl__mart_transcript_variation__dm","clinical_significance_2025"
"289","transcript_location","Transcript location (bp)","Start of Variant on Transcript in Chromosomal Coordinates","snp","html,txt,csv,tsv,xls","hsapiens_gene_ensembl__mart_transcript_variation__dm","cdna_start_2076"
"290","snp_chromosome_strand","Variant chromosome Strand","Orientation of the SNP on the Transcript","snp","html,txt,csv,tsv,xls","hsapiens_gene_ensembl__mart_transcript_variation__dm","seq_region_strand_2026"
"291","peptide_location","Protein location (aa)","Location of the SNP in the peptide","snp","html,txt,csv,tsv,xls","hsapiens_gene_ensembl__mart_transcript_variation__dm","translation_start_2076"
"292","chromosome_start","chromosome/scaffold position start (bp)","Start of the Variant on the chromosome/scaffold in Chromosomal Coordinates","snp","html,txt,csv,tsv,xls","hsapiens_gene_ensembl__mart_transcript_variation__dm","seq_region_start_2026"
"293","chromosome_end","Chromosome/scaffold position end (bp)","End of the Variant on the chromosome/scaffold in Chromosomal Coordinates","snp","html,txt,csv,tsv,xls","hsapiens_gene_ensembl__mart_transcript_variation__dm","seq_region_end_2026"
"294","polyphen_prediction_2076","PolyPhen prediction","","snp","html,txt,csv,tsv,xls","hsapiens_gene_ensembl__mart_transcript_variation__dm","polyphen_prediction_2076"
"295","polyphen_score_2076","PolyPhen score","","snp","html,txt,csv,tsv,xls","hsapiens_gene_ensembl__mart_transcript_variation__dm","polyphen_score_2076"
"296","sift_prediction_2076","SIFT prediction","","snp","html,txt,csv,tsv,xls","hsapiens_gene_ensembl__mart_transcript_variation__dm","sift_prediction_2076"
"297","sift_score_2076","SIFT score","","snp","html,txt,csv,tsv,xls","hsapiens_gene_ensembl__mart_transcript_variation__dm","sift_score_2076"
"298","distance_to_transcript_2076","Distance to transcript","","snp","html,txt,csv,tsv,xls","hsapiens_gene_ensembl__mart_transcript_variation__dm","distance_to_transcript_2076"
"299","cds_start_2076","CDS start","","snp","html,txt,csv,tsv,xls","hsapiens_gene_ensembl__mart_transcript_variation__dm","cds_start_2076"
"300","cds_end_2076","CDS end","","snp","html,txt,csv,tsv,xls","hsapiens_gene_ensembl__mart_transcript_variation__dm","cds_end_2076"
"301","peptide_shift","Protein allele","","snp","html,txt,csv,tsv,xls","hsapiens_gene_ensembl__mart_transcript_variation__dm","pep_allele_string_2076"
"302","synonymous_status","Variant consequence","","snp","html,txt,csv,tsv,xls","hsapiens_gene_ensembl__mart_transcript_variation__dm","consequence_types_2076"
"303","allele_string_2076","Consequence specific allele","","snp","html,txt,csv,tsv,xls","hsapiens_gene_ensembl__mart_transcript_variation__dm","allele_string_2076"
"304","ensembl_gene_id","Gene stable ID","","snp_somatic","html,txt,csv,tsv,xls","hsapiens_gene_ensembl__gene__main","stable_id_1023"
"305","ensembl_gene_id_version","Gene stable ID version","","snp_somatic","html,txt,csv,tsv,xls","hsapiens_gene_ensembl__gene__main","gene__main_stable_id_version"
"306","version","Version (gene)","","snp_somatic","html,txt,csv,tsv,xls","hsapiens_gene_ensembl__gene__main","version_1020"
"307","ensembl_transcript_id","Transcript stable ID","","snp_somatic","html,txt,csv,tsv,xls","hsapiens_gene_ensembl__transcript__main","stable_id_1066"
"308","ensembl_transcript_id_version","Transcript stable ID version","","snp_somatic","html,txt,csv,tsv,xls","hsapiens_gene_ensembl__transcript__main","transcript__main_stable_id_version"
"309","transcript_version","Version (transcript)","","snp_somatic","html,txt,csv,tsv,xls","hsapiens_gene_ensembl__transcript__main","version_1064"
"310","ensembl_peptide_id","Protein stable ID","","snp_somatic","html,txt,csv,tsv,xls","hsapiens_gene_ensembl__translation__main","stable_id_1070"
"311","ensembl_peptide_id_version","Protein stable ID version","","snp_somatic","html,txt,csv,tsv,xls","hsapiens_gene_ensembl__translation__main","translation__main_stable_id_version"
"312","peptide_version","Version (protein)","","snp_somatic","html,txt,csv,tsv,xls","hsapiens_gene_ensembl__translation__main","version_1068"
"313","chromosome_name","Chromosome/scaffold name","","snp_somatic","html,txt,csv,tsv,xls","hsapiens_gene_ensembl__gene__main","name_1059"
"314","start_position","Gene start (bp)","","snp_somatic","html,txt,csv,tsv,xls","hsapiens_gene_ensembl__gene__main","seq_region_start_1020"
"315","end_position","Gene end (bp)","","snp_somatic","html,txt,csv,tsv,xls","hsapiens_gene_ensembl__gene__main","seq_region_end_1020"
"316","strand","Strand","","snp_somatic","html,txt,csv,tsv,xls","hsapiens_gene_ensembl__gene__main","seq_region_strand_1020"
"317","band","Karyotype band","","snp_somatic","html,txt,csv,tsv,xls","hsapiens_gene_ensembl__gene__main","band_1027"
"318","external_gene_name","Gene name","","snp_somatic","html,txt,csv,tsv,xls","hsapiens_gene_ensembl__gene__main","display_label_1074"
"319","external_gene_source","Source of gene name","","snp_somatic","html,txt,csv,tsv,xls","hsapiens_gene_ensembl__gene__main","db_display_name_1018"
"320","transcript_count","Transcript count","","snp_somatic","html,txt,csv,tsv,xls","hsapiens_gene_ensembl__gene__main","transcript_count"
"321","percentage_gene_gc_content","Gene % GC content","","snp_somatic","html,txt,csv,tsv,xls","hsapiens_gene_ensembl__gene__main","value_1022"
"322","description","Gene description","","snp_somatic","html,txt,csv,tsv,xls","hsapiens_gene_ensembl__gene__main","description_1020"
"323","somatic_variation_name","Variant name","","snp_somatic","html,txt,csv,tsv,xls","hsapiens_gene_ensembl__mart_transcript_variation_som__dm","name_2025"
"324","somatic_source_name","Variant source","","snp_somatic","html,txt,csv,tsv,xls","hsapiens_gene_ensembl__mart_transcript_variation_som__dm","name_2021"
"325","somatic_source_description","Variant source description","","snp_somatic","html,txt,csv,tsv,xls","hsapiens_gene_ensembl__mart_transcript_variation_som__dm","description_2021"
"326","somatic_allele","Variant alleles","Snp Allele","snp_somatic","html,txt,csv,tsv,xls","hsapiens_gene_ensembl__mart_transcript_variation_som__dm","allele_string_2026"
"327","somatic_validated","Variant supporting evidence","","snp_somatic","html,txt,csv,tsv,xls","hsapiens_gene_ensembl__mart_transcript_variation_som__dm","evidence_2025"
"328","somatic_mapweight","Mapweight","","snp_somatic","html,txt,csv,tsv,xls","hsapiens_gene_ensembl__mart_transcript_variation_som__dm","map_weight_2026"
"329","somatic_transcript_location","Transcript location (bp)","Start of Variant on Transcript in Chromosomal Coordinates","snp_somatic","html,txt,csv,tsv,xls","hsapiens_gene_ensembl__mart_transcript_variation_som__dm","cdna_start_2076"
"330","somatic_snp_chromosome_strand","Variant chromosome/scaffold strand","Orientation of the Variant on the Transcript","snp_somatic","html,txt,csv,tsv,xls","hsapiens_gene_ensembl__mart_transcript_variation_som__dm","seq_region_strand_2026"
"331","somatic_peptide_location","Protein location (aa)","Location of the Variant in the peptide","snp_somatic","html,txt,csv,tsv,xls","hsapiens_gene_ensembl__mart_transcript_variation_som__dm","translation_start_2076"
"332","somatic_chromosome_start","Chromosome/scaffold position start (bp)","Start of the Variant on the chromosome/scaffold in Chromosomal Coordinates","snp_somatic","html,txt,csv,tsv,xls","hsapiens_gene_ensembl__mart_transcript_variation_som__dm","seq_region_start_2026"
"333","somatic_chromosome_end","Chromosome/scaffold position end (bp)","End of the Variant on the chromosome/scaffold in Chromosomal Coordinates","snp_somatic","html,txt,csv,tsv,xls","hsapiens_gene_ensembl__mart_transcript_variation_som__dm","seq_region_end_2026"
"334","mart_transcript_variation_som__dm_distance_to_transcript_2076","Distance to transcript","","snp_somatic","html,txt,csv,tsv,xls","hsapiens_gene_ensembl__mart_transcript_variation_som__dm","distance_to_transcript_2076"
"335","somatic_cds_start_2076","CDS start","","snp_somatic","html,txt,csv,tsv,xls","hsapiens_gene_ensembl__mart_transcript_variation_som__dm","cds_start_2076"
"336","somatic_cds_end_2076","CDS end","","snp_somatic","html,txt,csv,tsv,xls","hsapiens_gene_ensembl__mart_transcript_variation_som__dm","cds_end_2076"
"337","somatic_synonymous_status","Variant consequence","","snp_somatic","html,txt,csv,tsv,xls","hsapiens_gene_ensembl__mart_transcript_variation_som__dm","consequence_types_2076"
"338","mart_transcript_variation_som__dm_allele_string_2076","Consequence specific allele","","snp_somatic","html,txt,csv,tsv,xls","hsapiens_gene_ensembl__mart_transcript_variation_som__dm","allele_string_2076"
"339","transcript_exon_intron","Unspliced (Transcript)","","sequences","fasta","",""
"340","gene_exon_intron","Unspliced (Gene)","","sequences","fasta","",""
"341","transcript_flank","Flank (Transcript)","","sequences","fasta","",""
"342","gene_flank","Flank (Gene)","","sequences","fasta","",""
"343","coding_transcript_flank","Flank-coding region (Transcript)","","sequences","fasta","",""
"344","coding_gene_flank","Flank-coding region (Gene)","","sequences","fasta","",""
"345","5utr","5' UTR","","sequences","fasta","",""
"346","3utr","3' UTR","","sequences","fasta","",""
"347","gene_exon","Exon sequences","","sequences","fasta","",""
"348","cdna","cDNA sequences","","sequences","fasta","",""
"349","coding","Coding sequence","","sequences","fasta","",""
"350","peptide","Peptide","","sequences","fasta","",""
"351","upstream_flank","upstream_flank","","sequences","fasta","",""
"352","downstream_flank","downstream_flank","","sequences","fasta","",""
"353","ensembl_gene_id","Gene stable ID","","sequences","fasta","hsapiens_gene_ensembl__gene__main","stable_id_1023"
"354","ensembl_gene_id_version","Gene stable ID version","","sequences","fasta","hsapiens_gene_ensembl__gene__main","gene__main_stable_id_version"
"355","description","Gene description","","sequences","fasta","hsapiens_gene_ensembl__gene__main","description_1020"
"356","external_gene_name","Gene name","","sequences","fasta","hsapiens_gene_ensembl__gene__main","display_label_1074"
"357","external_gene_source","Source of gene name","","sequences","fasta","hsapiens_gene_ensembl__gene__main","db_display_name_1018"
"358","chromosome_name","Chromosome/scaffold name","","sequences","fasta","hsapiens_gene_ensembl__gene__main","name_1059"
"359","start_position","Gene start (bp)","","sequences","fasta","hsapiens_gene_ensembl__gene__main","seq_region_start_1020"
"360","end_position","Gene end (bp)","","sequences","fasta","hsapiens_gene_ensembl__gene__main","seq_region_end_1020"
"361","gene_biotype","Gene type","","sequences","fasta","hsapiens_gene_ensembl__gene__main","biotype_1020"
"362","version","Version (gene)","","sequences","fasta","hsapiens_gene_ensembl__gene__main","version_1020"
"363","uniparc","UniParc ID","","sequences","fasta","hsapiens_gene_ensembl__ox_uniparc__dm","dbprimary_acc_1074"
"364","uniprotswissprot","UniProtKB/Swiss-Prot ID","","sequences","fasta","hsapiens_gene_ensembl__ox_uniprotswissprot__dm","dbprimary_acc_1074"
"365","uniprotsptrembl","UniProtKB/TrEMBL ID","","sequences","fasta","hsapiens_gene_ensembl__ox_uniprotsptrembl__dm","dbprimary_acc_1074"
"366","cdna_coding_start","CDS start (within cDNA)","","sequences","fasta","hsapiens_gene_ensembl__transcript__main","cdna_coding_start"
"367","cdna_coding_end","CDS end (within cDNA)","","sequences","fasta","hsapiens_gene_ensembl__transcript__main","cdna_coding_end"
"368","5_utr_start","5' UTR start","","sequences","fasta","hsapiens_gene_ensembl__exon_transcript__dm","five_prime_utr_start"
"369","5_utr_end","5' UTR end","","sequences","fasta","hsapiens_gene_ensembl__exon_transcript__dm","five_prime_utr_end"
"370","3_utr_start","3' UTR start","","sequences","fasta","hsapiens_gene_ensembl__exon_transcript__dm","three_prime_utr_start"
"371","3_utr_end","3' UTR end","","sequences","fasta","hsapiens_gene_ensembl__exon_transcript__dm","three_prime_utr_end"
"372","ensembl_transcript_id","Transcript stable ID","","sequences","fasta","hsapiens_gene_ensembl__transcript__main","stable_id_1066"
"373","ensembl_transcript_id_version","Transcript stable ID version","","sequences","fasta","hsapiens_gene_ensembl__transcript__main","transcript__main_stable_id_version"
"374","ensembl_peptide_id","Protein stable ID","","sequences","fasta","hsapiens_gene_ensembl__translation__main","stable_id_1070"
"375","ensembl_peptide_id_version","Protein stable ID version","","sequences","fasta","hsapiens_gene_ensembl__translation__main","translation__main_stable_id_version"
"376","transcript_biotype","Transcript type","","sequences","fasta","hsapiens_gene_ensembl__transcript__main","biotype_1064"
"377","transcript_version","Version (transcript)","","sequences","fasta","hsapiens_gene_ensembl__transcript__main","version_1064"
"378","peptide_version","Version (protein)","","sequences","fasta","hsapiens_gene_ensembl__translation__main","version_1068"
"379","strand","Strand","","sequences","fasta","hsapiens_gene_ensembl__gene__main","seq_region_strand_1020"
"380","transcript_start","Transcript start (bp)","","sequences","fasta","hsapiens_gene_ensembl__transcript__main","seq_region_start_1064"
"381","transcript_end","Transcript end (bp)","","sequences","fasta","hsapiens_gene_ensembl__transcript__main","seq_region_end_1064"
"382","transcription_start_site","Transcription start site (TSS)","","sequences","fasta","hsapiens_gene_ensembl__transcript__main","transcription_start_site"
"383","transcript_length","Transcript length (including UTRs and CDS)","","sequences","fasta","hsapiens_gene_ensembl__transcript__main","transcript_length"
"384","cds_length","CDS Length","","sequences","fasta","hsapiens_gene_ensembl__exon_transcript__dm","cds_length"
"385","cds_start","CDS start","","sequences","fasta","hsapiens_gene_ensembl__exon_transcript__dm","cds_start"
"386","cds_end","CDS end","","sequences","fasta","hsapiens_gene_ensembl__exon_transcript__dm","cds_end"
"387","ensembl_exon_id","Exon stable ID","","sequences","fasta","hsapiens_gene_ensembl__exon_transcript__dm","stable_id_1016"
"388","exon_chrom_start","Exon region start (bp)","","sequences","fasta","hsapiens_gene_ensembl__exon_transcript__dm","seq_region_start_1015"
"389","exon_chrom_end","Exon region end (bp)","","sequences","fasta","hsapiens_gene_ensembl__exon_transcript__dm","seq_region_end_1015"
"390","strand","Strand","","sequences","fasta","hsapiens_gene_ensembl__gene__main","seq_region_strand_1020"
"391","rank","Exon rank in transcript","","sequences","fasta","hsapiens_gene_ensembl__exon_transcript__dm","rank_1017"
"392","phase","Start phase","","sequences","fasta","hsapiens_gene_ensembl__exon_transcript__dm","phase_1015"
"393","end_phase","End phase","","sequences","fasta","hsapiens_gene_ensembl__exon_transcript__dm","end_phase_1015"
"394","cdna_coding_start","cDNA coding start","","sequences","fasta","hsapiens_gene_ensembl__exon_transcript__dm","cdna_coding_start"
"395","cdna_coding_end","cDNA coding end","","sequences","fasta","hsapiens_gene_ensembl__exon_transcript__dm","cdna_coding_end"
"396","genomic_coding_start","Genomic coding start","","sequences","fasta","hsapiens_gene_ensembl__exon_transcript__dm","genomic_coding_start"
"397","genomic_coding_end","Genomic coding end","","sequences","fasta","hsapiens_gene_ensembl__exon_transcript__dm","genomic_coding_end"
"398","is_constitutive","Constitutive exon","","sequences","fasta","hsapiens_gene_ensembl__exon_transcript__dm","is_constitutive_1015"
